YearStart,YearEnd,LocationAbbr,LocationDesc,CountyName,DataSource,Topic,Category,Question,Response,Age,Sex,Race_Ethnicity,Risk_Factor,Risk_Factor_Repsonse,Data_Value_Unit,Data_Value_Type,Data_Value,Data_Value_Footnote_Symbol,Data_Value_Footnote,Low_Confidence_Limit,High_Confidence_Limit,Sample_Size,FootnoteText,Url,FootnoteType
2019,2019,IN,Indiana,,PREV,,,Prevalence of AMD,All Age-related macular degeneration (AMD),40 years and older,Both sexes,All races,All persons,Total,%,Crude Prevalence,11.93,,,9.51,14.92,383040,,,
2019,2019,MS,Mississippi,,PREV,,,Prevalence of AMD,All Age-related macular degeneration (AMD),65-84 years,Both sexes,All races,All persons,Total,%,Crude Prevalence,15.49,,,11.62,20.26,66861,,,
2019,2019,MS,Mississippi,,PREV,,,Prevalence of AMD,All Age-related macular degeneration (AMD),85 years and older,Both sexes,All races,All persons,Total,%,Crude Prevalence,36.2,,,21.91,56.06,20258,,,
2019,2019,NJ,New Jersey,,PREV,,,Prevalence of AMD,All Age-related macular degeneration (AMD),65-84 years,Both sexes,All races,All persons,Total,%,Crude Prevalence,19.82,,,15.22,25.65,253127,,,
2019,2019,PA,Pennsylvania,,PREV,,,Prevalence of AMD,All Age-related macular degeneration (AMD),40-64 years,Both sexes,All races,All persons,Total,%,Crude Prevalence,8.84,,,6.61,11.6,366099,,,
2019,2019,LA,Louisiana,,PREV,,,Prevalence of AMD,All Age-related macular degeneration (AMD),40-64 years,Both sexes,All races,All persons,Total,%,Crude Prevalence,7.19,,,5.55,9.15,102611,,,
2019,2019,WI,Wisconsin,,PREV,,,Prevalence of AMD,All Age-related macular degeneration (AMD),85 years and older,Both sexes,All races,All persons,Total,%,Crude Prevalence,42.3,,,24.05,68.37,51284,,,
2019,2019,CT,Connecticut,,PREV,,,Prevalence of AMD,All Age-related macular degeneration (AMD),85 years and older,Both sexes,All races,All persons,Total,%,Crude Prevalence,54.79,,,31.78,86.25,47336,,,
2019,2019,IL,Illinois,,PREV,,,Prevalence of AMD,All Age-related macular degeneration (AMD),40-64 years,Both sexes,All races,All persons,Total,%,Crude Prevalence,6.77,,,5.24,8.64,273836,,,
2019,2019,ME,Maine,,PREV,,,Prevalence of AMD,All Age-related macular degeneration (AMD),40-64 years,Both sexes,All races,All persons,Total,%,Crude Prevalence,8.03,,,5.8,10.76,37064,,,
2019,2019,MD,Maryland,,PREV,,,Prevalence of AMD,All Age-related macular degeneration (AMD),40-64 years,Both sexes,All races,All persons,Total,%,Crude Prevalence,5.81,,,4.55,7.36,115562,,,
2019,2019,MT,Montana,,PREV,,,Prevalence of AMD,All Age-related macular degeneration (AMD),40 years and older,Both sexes,All races,All persons,Total,%,Crude Prevalence,12.66,,,9.91,15.97,68197,,,
2019,2019,PA,Pennsylvania,,PREV,,,Prevalence of AMD,All Age-related macular degeneration (AMD),65-84 years,Both sexes,All races,All persons,Total,%,Crude Prevalence,22.29,,,16.32,29.94,460818,,,
2019,2019,NH,New Hampshire,,PREV,,,Prevalence of AMD,All Age-related macular degeneration (AMD),40 years and older,Both sexes,All races,All persons,Total,%,Crude Prevalence,10.81,,,8.52,13.68,78672,,,
2019,2019,NJ,New Jersey,,PREV,,,Prevalence of AMD,All Age-related macular degeneration (AMD),85 years and older,Both sexes,All races,All persons,Total,%,Crude Prevalence,47.9,,,28.37,74.36,95797,,,
2019,2019,NY,New York,,PREV,,,Prevalence of AMD,All Age-related macular degeneration (AMD),65-84 years,Both sexes,All races,All persons,Total,%,Crude Prevalence,23.01,,,17.82,29.47,658068,,,
2019,2019,ND,North Dakota,,PREV,,,Prevalence of AMD,All Age-related macular degeneration (AMD),65-84 years,Both sexes,All races,All persons,Total,%,Crude Prevalence,24.59,,,17.68,33.39,25115,,,
2019,2019,NE,Nebraska,,PREV,,,Prevalence of AMD,All Age-related macular degeneration (AMD),40-64 years,Both sexes,All races,All persons,Total,%,Crude Prevalence,8.23,,,6.11,10.78,46612,,,
2019,2019,NJ,New Jersey,,PREV,,,Prevalence of AMD,All Age-related macular degeneration (AMD),40 years and older,Both sexes,All races,All persons,Total,%,Crude Prevalence,12.84,,,10.58,15.5,573888,,,
2019,2019,NC,North Carolina,,PREV,,,Prevalence of AMD,All Age-related macular degeneration (AMD),85 years and older,Both sexes,All races,All persons,Total,%,Crude Prevalence,40.98,,,24.66,63.99,75840,,,
2019,2019,ND,North Dakota,,PREV,,,Prevalence of AMD,All Age-related macular degeneration (AMD),85 years and older,Both sexes,All races,All persons,Total,%,Crude Prevalence,58.64,,,33.15,92.73,10588,,,
2019,2019,VA,Virginia,,PREV,,,Prevalence of AMD,All Age-related macular degeneration (AMD),40-64 years,Both sexes,All races,All persons,Total,%,Crude Prevalence,6.39,,,4.94,8.14,176546,,,
2019,2019,HI,Hawaii,,PREV,,,Prevalence of AMD,All Age-related macular degeneration (AMD),40-64 years,Both sexes,All races,All persons,Total,%,Crude Prevalence,9.71,,,7.17,12.86,42364,,,
2019,2019,IN,Indiana,,PREV,,,Prevalence of AMD,All Age-related macular degeneration (AMD),40-64 years,Both sexes,All races,All persons,Total,%,Crude Prevalence,7.01,,,5.2,9.2,149211,,,
2019,2019,NH,New Hampshire,,PREV,,,Prevalence of AMD,All Age-related macular degeneration (AMD),40-64 years,Both sexes,All races,All persons,Total,%,Crude Prevalence,6.65,,,4.83,8.83,31666,,,
2019,2019,NC,North Carolina,,PREV,,,Prevalence of AMD,All Age-related macular degeneration (AMD),40-64 years,Both sexes,All races,All persons,Total,%,Crude Prevalence,6.39,,,4.88,8.16,215961,,,
2019,2019,UT,Utah,,PREV,,,Prevalence of AMD,All Age-related macular degeneration (AMD),65-84 years,Both sexes,All races,All persons,Total,%,Crude Prevalence,20.58,,,14.94,27.72,67270,,,
2019,2019,WV,West Virginia,,PREV,,,Prevalence of AMD,All Age-related macular degeneration (AMD),40 years and older,Both sexes,All races,All persons,Total,%,Crude Prevalence,11.17,,,8.77,14.18,107345,,,
2019,2019,WI,Wisconsin,,PREV,,,Prevalence of AMD,All Age-related macular degeneration (AMD),40-64 years,Both sexes,All races,All persons,Total,%,Crude Prevalence,6.83,,,5.03,8.99,128806,,,
2019,2019,LA,Louisiana,,PREV,,,Prevalence of AMD,All Age-related macular degeneration (AMD),85 years and older,Both sexes,All races,All persons,Total,%,Crude Prevalence,43.16,,,26.31,66.42,32580,,,
2019,2019,WV,West Virginia,,PREV,,,Prevalence of AMD,All Age-related macular degeneration (AMD),85 years and older,Both sexes,All races,All persons,Total,%,Crude Prevalence,38.69,,,22.09,62.82,16047,,,
2019,2019,NE,Nebraska,,PREV,,,Prevalence of AMD,All Age-related macular degeneration (AMD),85 years and older,Both sexes,All races,All persons,Total,%,Crude Prevalence,51.54,,,29.53,82.44,21587,,,
2019,2019,NV,Nevada,,PREV,,,Prevalence of AMD,All Age-related macular degeneration (AMD),85 years and older,Both sexes,All races,All persons,Total,%,Crude Prevalence,36.95,,,22.42,57.34,15972,,,
2019,2019,NY,New York,,PREV,,,Prevalence of AMD,All Age-related macular degeneration (AMD),40 years and older,Both sexes,All races,All persons,Total,%,Crude Prevalence,15.2,,,12.63,18.21,1450062,,,
2019,2019,TN,Tennessee,,PREV,,,Prevalence of AMD,All Age-related macular degeneration (AMD),65-84 years,Both sexes,All races,All persons,Total,%,Crude Prevalence,17.3,,,12.59,23.24,176635,,,
2019,2019,DC,District Of Columbia,,PREV,,,Prevalence of AMD,All Age-related macular degeneration (AMD),40 years and older,Both sexes,All races,All persons,Total,%,Crude Prevalence,6.2,,,5.14,7.39,17312,,,
2019,2019,KS,Kansas,,PREV,,,Prevalence of AMD,All Age-related macular degeneration (AMD),40-64 years,Both sexes,All races,All persons,Total,%,Crude Prevalence,8.27,,,6.21,10.79,71487,,,
2019,2019,NM,New Mexico,,PREV,,,Prevalence of AMD,All Age-related macular degeneration (AMD),65-84 years,Both sexes,All races,All persons,Total,%,Crude Prevalence,16.21,,,12.74,20.49,54929,,,
2019,2019,SD,South Dakota,,PREV,,,Prevalence of AMD,All Age-related macular degeneration (AMD),40-64 years,Both sexes,All races,All persons,Total,%,Crude Prevalence,8.1,,,5.92,10.79,20999,,,
2019,2019,US,National,,PREV,,,Prevalence of AMD,All Age-related macular degeneration (AMD),40 years and older,Both sexes,All races,All persons,Total,%,Crude Prevalence,12.58,,,10.33,15.34,19828247,,,
2019,2019,CO,Colorado,,PREV,,,Prevalence of AMD,All Age-related macular degeneration (AMD),65-84 years,Both sexes,All races,All persons,Total,%,Crude Prevalence,18.78,,,13.95,24.88,142324,,,
2019,2019,DC,District Of Columbia,,PREV,,,Prevalence of AMD,All Age-related macular degeneration (AMD),40-64 years,Both sexes,All races,All persons,Total,%,Crude Prevalence,3.65,,,2.92,4.46,6992,,,
2019,2019,MA,Massachusetts,,PREV,,,Prevalence of AMD,All Age-related macular degeneration (AMD),65-84 years,Both sexes,All races,All persons,Total,%,Crude Prevalence,17.76,,,13.1,23.73,179814,,,
2019,2019,MN,Minnesota,,PREV,,,Prevalence of AMD,All Age-related macular degeneration (AMD),40 years and older,Both sexes,All races,All persons,Total,%,Crude Prevalence,12.18,,,9.6,15.32,328881,,,
2019,2019,NE,Nebraska,,PREV,,,Prevalence of AMD,All Age-related macular degeneration (AMD),40 years and older,Both sexes,All races,All persons,Total,%,Crude Prevalence,14.39,,,11.38,18.13,126729,,,
2019,2019,NJ,New Jersey,,PREV,,,Prevalence of AMD,All Age-related macular degeneration (AMD),40-64 years,Both sexes,All races,All persons,Total,%,Crude Prevalence,7.52,,,5.9,9.53,224964,,,
2019,2019,AL,Alabama,,PREV,,,Prevalence of AMD,All Age-related macular degeneration (AMD),65-84 years,Both sexes,All races,All persons,Total,%,Crude Prevalence,16.53,,,12.33,21.75,127022,,,
2019,2019,SD,South Dakota,,PREV,,,Prevalence of AMD,All Age-related macular degeneration (AMD),65-84 years,Both sexes,All races,All persons,Total,%,Crude Prevalence,20.91,,,15.16,28.3,28844,,,
2019,2019,FL,Florida,,PREV,,,Prevalence of AMD,All Age-related macular degeneration (AMD),85 years and older,Both sexes,All races,All persons,Total,%,Crude Prevalence,60.84,,,36.5,91.97,340360,,,
2019,2019,IA,Iowa,,PREV,,,Prevalence of AMD,All Age-related macular degeneration (AMD),65-84 years,Both sexes,All races,All persons,Total,%,Crude Prevalence,25.09,,,18.06,34.15,119454,,,
2019,2019,MN,Minnesota,,PREV,,,Prevalence of AMD,All Age-related macular degeneration (AMD),40-64 years,Both sexes,All races,All persons,Total,%,Crude Prevalence,6.99,,,5.17,9.19,124380,,,
2019,2019,NC,North Carolina,,PREV,,,Prevalence of AMD,All Age-related macular degeneration (AMD),40 years and older,Both sexes,All races,All persons,Total,%,Crude Prevalence,10.88,,,8.85,13.4,558211,,,
2019,2019,PA,Pennsylvania,,PREV,,,Prevalence of AMD,All Age-related macular degeneration (AMD),40 years and older,Both sexes,All races,All persons,Total,%,Crude Prevalence,15.26,,,12.15,19.13,996800,,,
2019,2019,SD,South Dakota,,PREV,,,Prevalence of AMD,All Age-related macular degeneration (AMD),40 years and older,Both sexes,All races,All persons,Total,%,Crude Prevalence,14.09,,,11.03,17.86,58331,,,
2019,2019,VT,Vermont,,PREV,,,Prevalence of AMD,All Age-related macular degeneration (AMD),85 years and older,Both sexes,All races,All persons,Total,%,Crude Prevalence,34.69,,,19.51,57.19,4845,,,
2019,2019,DE,Delaware,,PREV,,,Prevalence of AMD,All Age-related macular degeneration (AMD),85 years and older,Both sexes,All races,All persons,Total,%,Crude Prevalence,46.41,,,28.36,71.86,8925,,,
2019,2019,KY,Kentucky,,PREV,,,Prevalence of AMD,All Age-related macular degeneration (AMD),65-84 years,Both sexes,All races,All persons,Total,%,Crude Prevalence,15.44,,,11.13,20.97,104618,,,
2019,2019,AZ,Arizona,,PREV,,,Prevalence of AMD,All Age-related macular degeneration (AMD),65-84 years,Both sexes,All races,All persons,Total,%,Crude Prevalence,20.79,,,15.63,27.24,244590,,,
2019,2019,NY,New York,,PREV,,,Prevalence of AMD,All Age-related macular degeneration (AMD),85 years and older,Both sexes,All races,All persons,Total,%,Crude Prevalence,53.69,,,32.23,81.97,234218,,,
2019,2019,WA,Washington,,PREV,,,Prevalence of AMD,All Age-related macular degeneration (AMD),85 years and older,Both sexes,All races,All persons,Total,%,Crude Prevalence,45.38,,,26.87,71.67,60497,,,
2019,2019,DE,Delaware,,PREV,,,Prevalence of AMD,All Age-related macular degeneration (AMD),65-84 years,Both sexes,All races,All persons,Total,%,Crude Prevalence,21.14,,,15.72,27.86,35914,,,
2019,2019,KS,Kansas,,PREV,,,Prevalence of AMD,All Age-related macular degeneration (AMD),65-84 years,Both sexes,All races,All persons,Total,%,Crude Prevalence,21.19,,,15.52,28.62,88396,,,
2019,2019,AZ,Arizona,,PREV,,,Prevalence of AMD,All Age-related macular degeneration (AMD),40-64 years,Both sexes,All races,All persons,Total,%,Crude Prevalence,7.76,,,6.08,9.83,168954,,,
2019,2019,AZ,Arizona,,PREV,,,Prevalence of AMD,All Age-related macular degeneration (AMD),85 years and older,Both sexes,All races,All persons,Total,%,Crude Prevalence,48.95,,,29.01,76.93,63333,,,
2019,2019,UT,Utah,,PREV,,,Prevalence of AMD,All Age-related macular degeneration (AMD),40 years and older,Both sexes,All races,All persons,Total,%,Crude Prevalence,12.3,,,9.79,15.45,148303,,,
2019,2019,AL,Alabama,,PREV,,,Prevalence of AMD,All Age-related macular degeneration (AMD),40-64 years,Both sexes,All races,All persons,Total,%,Crude Prevalence,6.3,,,4.81,8.11,98759,,,
2019,2019,GA,Georgia,,PREV,,,Prevalence of AMD,All Age-related macular degeneration (AMD),40 years and older,Both sexes,All races,All persons,Total,%,Crude Prevalence,9.15,,,7.56,11.1,449028,,,
2019,2019,MA,Massachusetts,,PREV,,,Prevalence of AMD,All Age-related macular degeneration (AMD),85 years and older,Both sexes,All races,All persons,Total,%,Crude Prevalence,42.85,,,24.98,68.74,68055,,,
2019,2019,NM,New Mexico,,PREV,,,Prevalence of AMD,All Age-related macular degeneration (AMD),40-64 years,Both sexes,All races,All persons,Total,%,Crude Prevalence,6.35,,,5.01,7.86,39813,,,
2019,2019,NM,New Mexico,,PREV,,,Prevalence of AMD,All Age-related macular degeneration (AMD),40 years and older,Both sexes,All races,All persons,Total,%,Crude Prevalence,10.96,,,9.16,13.12,110110,,,
2019,2019,OK,Oklahoma,,PREV,,,Prevalence of AMD,All Age-related macular degeneration (AMD),40-64 years,Both sexes,All races,All persons,Total,%,Crude Prevalence,6.79,,,5.21,8.76,80647,,,
2019,2019,TX,Texas,,PREV,,,Prevalence of AMD,All Age-related macular degeneration (AMD),40-64 years,Both sexes,All races,All persons,Total,%,Crude Prevalence,6.36,,,5.04,7.86,555174,,,
2019,2019,DC,District Of Columbia,,PREV,,,Prevalence of AMD,All Age-related macular degeneration (AMD),85 years and older,Both sexes,All races,All persons,Total,%,Crude Prevalence,23.5,,,14.5,35.25,3002,,,
2019,2019,FL,Florida,,PREV,,,Prevalence of AMD,All Age-related macular degeneration (AMD),65-84 years,Both sexes,All races,All persons,Total,%,Crude Prevalence,27.15,,,20.73,35.19,1069110,,,
2019,2019,IN,Indiana,,PREV,,,Prevalence of AMD,All Age-related macular degeneration (AMD),85 years and older,Both sexes,All races,All persons,Total,%,Crude Prevalence,45.44,,,25.48,72.79,58171,,,
2019,2019,NV,Nevada,,PREV,,,Prevalence of AMD,All Age-related macular degeneration (AMD),65-84 years,Both sexes,All races,All persons,Total,%,Crude Prevalence,14.99,,,11.4,19.41,68104,,,
2019,2019,VT,Vermont,,PREV,,,Prevalence of AMD,All Age-related macular degeneration (AMD),40 years and older,Both sexes,All races,All persons,Total,%,Crude Prevalence,9.81,,,7.63,12.62,32595,,,
2019,2019,WV,West Virginia,,PREV,,,Prevalence of AMD,All Age-related macular degeneration (AMD),65-84 years,Both sexes,All races,All persons,Total,%,Crude Prevalence,16.35,,,11.65,22.37,53092,,,
2019,2019,WY,Wyoming,,PREV,,,Prevalence of AMD,All Age-related macular degeneration (AMD),85 years and older,Both sexes,All races,All persons,Total,%,Crude Prevalence,48.9,,,27.56,78.41,4945,,,
2019,2019,DE,Delaware,,PREV,,,Prevalence of AMD,All Age-related macular degeneration (AMD),40-64 years,Both sexes,All races,All persons,Total,%,Crude Prevalence,7.83,,,5.96,10.12,24540,,,
2019,2019,LA,Louisiana,,PREV,,,Prevalence of AMD,All Age-related macular degeneration (AMD),40 years and older,Both sexes,All races,All persons,Total,%,Crude Prevalence,11.83,,,9.74,14.39,256488,,,
2019,2019,MI,Michigan,,PREV,,,Prevalence of AMD,All Age-related macular degeneration (AMD),40-64 years,Both sexes,All races,All persons,Total,%,Crude Prevalence,7.59,,,5.7,9.91,244022,,,
2019,2019,NV,Nevada,,PREV,,,Prevalence of AMD,All Age-related macular degeneration (AMD),40 years and older,Both sexes,All races,All persons,Total,%,Crude Prevalence,9.49,,,7.84,11.51,139441,,,
2019,2019,NM,New Mexico,,PREV,,,Prevalence of AMD,All Age-related macular degeneration (AMD),85 years and older,Both sexes,All races,All persons,Total,%,Crude Prevalence,39.04,,,23.87,59.38,15368,,,
2019,2019,ND,North Dakota,,PREV,,,Prevalence of AMD,All Age-related macular degeneration (AMD),40-64 years,Both sexes,All races,All persons,Total,%,Crude Prevalence,9.57,,,7.02,12.79,20107,,,
2019,2019,UT,Utah,,PREV,,,Prevalence of AMD,All Age-related macular degeneration (AMD),40-64 years,Both sexes,All races,All persons,Total,%,Crude Prevalence,7.27,,,5.5,9.42,61141,,,
2019,2019,AK,Alaska,,PREV,,,Prevalence of AMD,All Age-related macular degeneration (AMD),65-84 years,Both sexes,All races,All persons,Total,%,Crude Prevalence,13.66,,,10.04,18.33,11836,,,
2019,2019,DE,Delaware,,PREV,,,Prevalence of AMD,All Age-related macular degeneration (AMD),40 years and older,Both sexes,All races,All persons,Total,%,Crude Prevalence,13.8,,,11.21,17.08,69379,,,
2019,2019,KS,Kansas,,PREV,,,Prevalence of AMD,All Age-related macular degeneration (AMD),85 years and older,Both sexes,All races,All persons,Total,%,Crude Prevalence,50.77,,,29.11,80.67,30958,,,
2019,2019,MI,Michigan,,PREV,,,Prevalence of AMD,All Age-related macular degeneration (AMD),85 years and older,Both sexes,All races,All persons,Total,%,Crude Prevalence,44.95,,,26.63,71.04,94194,,,
2019,2019,MT,Montana,,PREV,,,Prevalence of AMD,All Age-related macular degeneration (AMD),65-84 years,Both sexes,All races,All persons,Total,%,Crude Prevalence,18.1,,,13.06,24.76,33505,,,
2019,2019,SC,South Carolina,,PREV,,,Prevalence of AMD,All Age-related macular degeneration (AMD),40-64 years,Both sexes,All races,All persons,Total,%,Crude Prevalence,6.2,,,4.74,7.96,100935,,,
2019,2019,AR,Arkansas,,PREV,,,Prevalence of AMD,All Age-related macular degeneration (AMD),40-64 years,Both sexes,All races,All persons,Total,%,Crude Prevalence,6.9,,,5.19,8.93,64481,,,
2019,2019,MD,Maryland,,PREV,,,Prevalence of AMD,All Age-related macular degeneration (AMD),65-84 years,Both sexes,All races,All persons,Total,%,Crude Prevalence,15.23,,,11.61,19.73,128963,,,
2019,2019,MN,Minnesota,,PREV,,,Prevalence of AMD,All Age-related macular degeneration (AMD),85 years and older,Both sexes,All races,All persons,Total,%,Crude Prevalence,47.64,,,26.25,77.02,53497,,,
2019,2019,WV,West Virginia,,PREV,,,Prevalence of AMD,All Age-related macular degeneration (AMD),40-64 years,Both sexes,All races,All persons,Total,%,Crude Prevalence,6.42,,,4.64,8.59,38206,,,
2019,2019,IL,Illinois,,PREV,,,Prevalence of AMD,All Age-related macular degeneration (AMD),65-84 years,Both sexes,All races,All persons,Total,%,Crude Prevalence,17.69,,,13.34,23.13,318303,,,
2019,2019,MO,Missouri,,PREV,,,Prevalence of AMD,All Age-related macular degeneration (AMD),85 years and older,Both sexes,All races,All persons,Total,%,Crude Prevalence,44.49,,,25.72,70.99,53613,,,
2019,2019,OH,Ohio,,PREV,,,Prevalence of AMD,All Age-related macular degeneration (AMD),65-84 years,Both sexes,All races,All persons,Total,%,Crude Prevalence,19,,,13.84,25.53,342099,,,
2019,2019,WA,Washington,,PREV,,,Prevalence of AMD,All Age-related macular degeneration (AMD),40 years and older,Both sexes,All races,All persons,Total,%,Crude Prevalence,11.97,,,9.63,14.88,427712,,,
2019,2019,WA,Washington,,PREV,,,Prevalence of AMD,All Age-related macular degeneration (AMD),65-84 years,Both sexes,All races,All persons,Total,%,Crude Prevalence,18.4,,,13.45,24.52,197754,,,
2019,2019,GA,Georgia,,PREV,,,Prevalence of AMD,All Age-related macular degeneration (AMD),40-64 years,Both sexes,All races,All persons,Total,%,Crude Prevalence,5.55,,,4.36,7.02,187991,,,
2019,2019,GA,Georgia,,PREV,,,Prevalence of AMD,All Age-related macular degeneration (AMD),85 years and older,Both sexes,All races,All persons,Total,%,Crude Prevalence,37.57,,,22.75,58.74,54201,,,
2019,2019,IA,Iowa,,PREV,,,Prevalence of AMD,All Age-related macular degeneration (AMD),85 years and older,Both sexes,All races,All persons,Total,%,Crude Prevalence,57.78,,,32.58,91.9,44860,,,
2019,2019,OR,Oregon,,PREV,,,Prevalence of AMD,All Age-related macular degeneration (AMD),65-84 years,Both sexes,All races,All persons,Total,%,Crude Prevalence,17.59,,,12.76,23.79,120388,,,
2019,2019,MT,Montana,,PREV,,,Prevalence of AMD,All Age-related macular degeneration (AMD),85 years and older,Both sexes,All races,All persons,Total,%,Crude Prevalence,45.95,,,26.34,73.62,10900,,,
2019,2019,IL,Illinois,,PREV,,,Prevalence of AMD,All Age-related macular degeneration (AMD),85 years and older,Both sexes,All races,All persons,Total,%,Crude Prevalence,43.05,,,25.81,68,105627,,,
2019,2019,UT,Utah,,PREV,,,Prevalence of AMD,All Age-related macular degeneration (AMD),85 years and older,Both sexes,All races,All persons,Total,%,Crude Prevalence,52.42,,,29.64,84.35,19874,,,
2019,2019,VT,Vermont,,PREV,,,Prevalence of AMD,All Age-related macular degeneration (AMD),65-84 years,Both sexes,All races,All persons,Total,%,Crude Prevalence,14.04,,,9.93,19.3,15611,,,
2019,2019,OR,Oregon,,PREV,,,Prevalence of AMD,All Age-related macular degeneration (AMD),40-64 years,Both sexes,All races,All persons,Total,%,Crude Prevalence,6.84,,,5.16,8.88,90549,,,
2019,2019,TN,Tennessee,,PREV,,,Prevalence of AMD,All Age-related macular degeneration (AMD),40 years and older,Both sexes,All races,All persons,Total,%,Crude Prevalence,11.03,,,8.87,13.77,366955,,,
2019,2019,VA,Virginia,,PREV,,,Prevalence of AMD,All Age-related macular degeneration (AMD),65-84 years,Both sexes,All races,All persons,Total,%,Crude Prevalence,16.63,,,12.42,21.94,200827,,,
2019,2019,US,National,,PREV,,,Prevalence of AMD,All Age-related macular degeneration (AMD),85 years and older,Both sexes,All races,All persons,Total,%,Crude Prevalence,46.63,,,28.36,72.36,2954301,,,
2019,2019,MT,Montana,,PREV,,,Prevalence of AMD,All Age-related macular degeneration (AMD),40-64 years,Both sexes,All races,All persons,Total,%,Crude Prevalence,7.21,,,5.3,9.6,23790,,,
2019,2019,AK,Alaska,,PREV,,,Prevalence of AMD,All Age-related macular degeneration (AMD),85 years and older,Both sexes,All races,All persons,Total,%,Crude Prevalence,36.91,,,20.11,62.2,2401,,,
2019,2019,CO,Colorado,,PREV,,,Prevalence of AMD,All Age-related macular degeneration (AMD),40-64 years,Both sexes,All races,All persons,Total,%,Crude Prevalence,7.21,,,5.5,9.28,128974,,,
2019,2019,KY,Kentucky,,PREV,,,Prevalence of AMD,All Age-related macular degeneration (AMD),85 years and older,Both sexes,All races,All persons,Total,%,Crude Prevalence,38.78,,,22.07,62.76,30368,,,
2019,2019,IA,Iowa,,PREV,,,Prevalence of AMD,All Age-related macular degeneration (AMD),40 years and older,Both sexes,All races,All persons,Total,%,Crude Prevalence,17.09,,,13.51,21.6,259735,,,
2019,2019,OR,Oregon,,PREV,,,Prevalence of AMD,All Age-related macular degeneration (AMD),85 years and older,Both sexes,All races,All persons,Total,%,Crude Prevalence,43.84,,,24.8,70.01,36408,,,
2019,2019,WY,Wyoming,,PREV,,,Prevalence of AMD,All Age-related macular degeneration (AMD),40-64 years,Both sexes,All races,All persons,Total,%,Crude Prevalence,7.92,,,5.85,10.48,14098,,,
2019,2019,WY,Wyoming,,PREV,,,Prevalence of AMD,All Age-related macular degeneration (AMD),40 years and older,Both sexes,All races,All persons,Total,%,Crude Prevalence,13.27,,,10.4,16.77,36826,,,
2019,2019,AR,Arkansas,,PREV,,,Prevalence of AMD,All Age-related macular degeneration (AMD),40 years and older,Both sexes,All races,All persons,Total,%,Crude Prevalence,11.96,,,9.63,14.91,174192,,,
2019,2019,RI,Rhode Island,,PREV,,,Prevalence of AMD,All Age-related macular degeneration (AMD),85 years and older,Both sexes,All races,All persons,Total,%,Crude Prevalence,61.86,,,35.48,95.83,16550,,,
2019,2019,MA,Massachusetts,,PREV,,,Prevalence of AMD,All Age-related macular degeneration (AMD),40-64 years,Both sexes,All races,All persons,Total,%,Crude Prevalence,6.94,,,5.24,8.98,155284,,,
2019,2019,MO,Missouri,,PREV,,,Prevalence of AMD,All Age-related macular degeneration (AMD),65-84 years,Both sexes,All races,All persons,Total,%,Crude Prevalence,18.79,,,13.71,25.26,176584,,,
2019,2019,US,National,,PREV,,,Prevalence of AMD,All Age-related macular degeneration (AMD),40-64 years,Both sexes,All races,All persons,Total,%,Crude Prevalence,7.35,,,5.68,9.38,7605437,,,
2019,2019,AL,Alabama,,PREV,,,Prevalence of AMD,All Age-related macular degeneration (AMD),85 years and older,Both sexes,All races,All persons,Total,%,Crude Prevalence,38.62,,,23.28,60.81,33067,,,
2019,2019,GA,Georgia,,PREV,,,Prevalence of AMD,All Age-related macular degeneration (AMD),65-84 years,Both sexes,All races,All persons,Total,%,Crude Prevalence,14.99,,,11.3,19.6,206836,,,
2019,2019,WI,Wisconsin,,PREV,,,Prevalence of AMD,All Age-related macular degeneration (AMD),40 years and older,Both sexes,All races,All persons,Total,%,Crude Prevalence,11.58,,,9.15,14.63,336417,,,
2019,2019,US,National,,PREV,,,Prevalence of AMD,All Age-related macular degeneration (AMD),65-84 years,Both sexes,All races,All persons,Total,%,Crude Prevalence,19.41,,,14.62,25.43,9268510,,,
2019,2019,CA,California,,PREV,,,Prevalence of AMD,All Age-related macular degeneration (AMD),65-84 years,Both sexes,All races,All persons,Total,%,Crude Prevalence,19.27,,,15.25,24.19,986490,,,
2019,2019,IA,Iowa,,PREV,,,Prevalence of AMD,All Age-related macular degeneration (AMD),40-64 years,Both sexes,All races,All persons,Total,%,Crude Prevalence,9.87,,,7.24,13.08,95370,,,
2019,2019,TN,Tennessee,,PREV,,,Prevalence of AMD,All Age-related macular degeneration (AMD),40-64 years,Both sexes,All races,All persons,Total,%,Crude Prevalence,6.55,,,4.92,8.47,143356,,,
2019,2019,CA,California,,PREV,,,Prevalence of AMD,All Age-related macular degeneration (AMD),40-64 years,Both sexes,All races,All persons,Total,%,Crude Prevalence,7.35,,,5.9,9.04,904219,,,
2019,2019,CA,California,,PREV,,,Prevalence of AMD,All Age-related macular degeneration (AMD),40 years and older,Both sexes,All races,All persons,Total,%,Crude Prevalence,12.2,,,10.22,14.43,2213693,,,
2019,2019,KY,Kentucky,,PREV,,,Prevalence of AMD,All Age-related macular degeneration (AMD),40 years and older,Both sexes,All races,All persons,Total,%,Crude Prevalence,10.09,,,8,12.73,221169,,,
2019,2019,OK,Oklahoma,,PREV,,,Prevalence of AMD,All Age-related macular degeneration (AMD),65-84 years,Both sexes,All races,All persons,Total,%,Crude Prevalence,17.97,,,13.27,23.9,99779,,,
2019,2019,TX,Texas,,PREV,,,Prevalence of AMD,All Age-related macular degeneration (AMD),40 years and older,Both sexes,All races,All persons,Total,%,Crude Prevalence,10.35,,,8.64,12.44,1291009,,,
2019,2019,ID,Idaho,,PREV,,,Prevalence of AMD,All Age-related macular degeneration (AMD),85 years and older,Both sexes,All races,All persons,Total,%,Crude Prevalence,48.4,,,27.71,77.24,13841,,,
2019,2019,NV,Nevada,,PREV,,,Prevalence of AMD,All Age-related macular degeneration (AMD),40-64 years,Both sexes,All races,All persons,Total,%,Crude Prevalence,5.7,,,4.5,7.17,55365,,,
2019,2019,WI,Wisconsin,,PREV,,,Prevalence of AMD,All Age-related macular degeneration (AMD),65-84 years,Both sexes,All races,All persons,Total,%,Crude Prevalence,17.43,,,12.55,23.68,156327,,,
2019,2019,FL,Florida,,PREV,,,Prevalence of AMD,All Age-related macular degeneration (AMD),40 years and older,Both sexes,All races,All persons,Total,%,Crude Prevalence,18.33,,,15.14,22.28,2086943,,,
2019,2019,LA,Louisiana,,PREV,,,Prevalence of AMD,All Age-related macular degeneration (AMD),65-84 years,Both sexes,All races,All persons,Total,%,Crude Prevalence,18.22,,,13.73,23.65,121297,,,
2019,2019,MS,Mississippi,,PREV,,,Prevalence of AMD,All Age-related macular degeneration (AMD),40-64 years,Both sexes,All races,All persons,Total,%,Crude Prevalence,5.7,,,4.4,7.26,53395,,,
2019,2019,OK,Oklahoma,,PREV,,,Prevalence of AMD,All Age-related macular degeneration (AMD),40 years and older,Both sexes,All races,All persons,Total,%,Crude Prevalence,11.65,,,9.4,14.34,211855,,,
2019,2019,TX,Texas,,PREV,,,Prevalence of AMD,All Age-related macular degeneration (AMD),85 years and older,Both sexes,All races,All persons,Total,%,Crude Prevalence,41.58,,,24.79,64.44,163697,,,
2019,2019,CT,Connecticut,,PREV,,,Prevalence of AMD,All Age-related macular degeneration (AMD),65-84 years,Both sexes,All races,All persons,Total,%,Crude Prevalence,22.92,,,17.05,30.42,124698,,,
2019,2019,MI,Michigan,,PREV,,,Prevalence of AMD,All Age-related macular degeneration (AMD),65-84 years,Both sexes,All races,All persons,Total,%,Crude Prevalence,18.9,,,13.9,25.21,293905,,,
2019,2019,MN,Minnesota,,PREV,,,Prevalence of AMD,All Age-related macular degeneration (AMD),65-84 years,Both sexes,All races,All persons,Total,%,Crude Prevalence,18.68,,,13.37,25.45,151000,,,
2019,2019,AK,Alaska,,PREV,,,Prevalence of AMD,All Age-related macular degeneration (AMD),40 years and older,Both sexes,All races,All persons,Total,%,Crude Prevalence,8.55,,,6.84,10.66,26682,,,
2019,2019,NE,Nebraska,,PREV,,,Prevalence of AMD,All Age-related macular degeneration (AMD),65-84 years,Both sexes,All races,All persons,Total,%,Crude Prevalence,21.51,,,15.55,29.1,58518,,,
2019,2019,SC,South Carolina,,PREV,,,Prevalence of AMD,All Age-related macular degeneration (AMD),40 years and older,Both sexes,All races,All persons,Total,%,Crude Prevalence,10.59,,,8.61,13,271532,,,
2019,2019,SD,South Dakota,,PREV,,,Prevalence of AMD,All Age-related macular degeneration (AMD),85 years and older,Both sexes,All races,All persons,Total,%,Crude Prevalence,50.84,,,28.84,81.16,8484,,,
2019,2019,VA,Virginia,,PREV,,,Prevalence of AMD,All Age-related macular degeneration (AMD),40 years and older,Both sexes,All races,All persons,Total,%,Crude Prevalence,10.64,,,8.68,13,438496,,,
2019,2019,KS,Kansas,,PREV,,,Prevalence of AMD,All Age-related macular degeneration (AMD),40 years and older,Both sexes,All races,All persons,Total,%,Crude Prevalence,14.21,,,11.39,17.76,190845,,,
2019,2019,SC,South Carolina,,PREV,,,Prevalence of AMD,All Age-related macular degeneration (AMD),85 years and older,Both sexes,All races,All persons,Total,%,Crude Prevalence,37.96,,,23.01,59.23,33204,,,
2019,2019,AK,Alaska,,PREV,,,Prevalence of AMD,All Age-related macular degeneration (AMD),40-64 years,Both sexes,All races,All persons,Total,%,Crude Prevalence,5.68,,,4.3,7.46,12445,,,
2019,2019,CO,Colorado,,PREV,,,Prevalence of AMD,All Age-related macular degeneration (AMD),40 years and older,Both sexes,All races,All persons,Total,%,Crude Prevalence,11.87,,,9.55,14.7,313066,,,
2019,2019,FL,Florida,,PREV,,,Prevalence of AMD,All Age-related macular degeneration (AMD),40-64 years,Both sexes,All races,All persons,Total,%,Crude Prevalence,9.84,,,7.72,12.43,677298,,,
2019,2019,WA,Washington,,PREV,,,Prevalence of AMD,All Age-related macular degeneration (AMD),40-64 years,Both sexes,All races,All persons,Total,%,Crude Prevalence,7.16,,,5.46,9.25,169457,,,
2019,2019,AR,Arkansas,,PREV,,,Prevalence of AMD,All Age-related macular degeneration (AMD),65-84 years,Both sexes,All races,All persons,Total,%,Crude Prevalence,18.47,,,13.5,24.68,85903,,,
2019,2019,IN,Indiana,,PREV,,,Prevalence of AMD,All Age-related macular degeneration (AMD),65-84 years,Both sexes,All races,All persons,Total,%,Crude Prevalence,18.39,,,13.27,24.89,175657,,,
2019,2019,MD,Maryland,,PREV,,,Prevalence of AMD,All Age-related macular degeneration (AMD),85 years and older,Both sexes,All races,All persons,Total,%,Crude Prevalence,38.89,,,22.71,61.01,44647,,,
2019,2019,MS,Mississippi,,PREV,,,Prevalence of AMD,All Age-related macular degeneration (AMD),40 years and older,Both sexes,All races,All persons,Total,%,Crude Prevalence,9.86,,,8.06,12.06,140514,,,
2019,2019,NC,North Carolina,,PREV,,,Prevalence of AMD,All Age-related macular degeneration (AMD),65-84 years,Both sexes,All races,All persons,Total,%,Crude Prevalence,17.02,,,12.63,22.48,266410,,,
2019,2019,ID,Idaho,,PREV,,,Prevalence of AMD,All Age-related macular degeneration (AMD),65-84 years,Both sexes,All races,All persons,Total,%,Crude Prevalence,20.23,,,14.59,27.36,52558,,,
2019,2019,ND,North Dakota,,PREV,,,Prevalence of AMD,All Age-related macular degeneration (AMD),40 years and older,Both sexes,All races,All persons,Total,%,Crude Prevalence,16.91,,,13.32,21.39,55827,,,
2019,2019,PA,Pennsylvania,,PREV,,,Prevalence of AMD,All Age-related macular degeneration (AMD),85 years and older,Both sexes,All races,All persons,Total,%,Crude Prevalence,52.51,,,30.27,83.27,169803,,,
2019,2019,SC,South Carolina,,PREV,,,Prevalence of AMD,All Age-related macular degeneration (AMD),65-84 years,Both sexes,All races,All persons,Total,%,Crude Prevalence,16.17,,,11.98,21.39,137393,,,
2019,2019,AL,Alabama,,PREV,,,Prevalence of AMD,All Age-related macular degeneration (AMD),40 years and older,Both sexes,All races,All persons,Total,%,Crude Prevalence,10.68,,,8.69,13.17,258849,,,
2019,2019,ME,Maine,,PREV,,,Prevalence of AMD,All Age-related macular degeneration (AMD),85 years and older,Both sexes,All races,All persons,Total,%,Crude Prevalence,46.55,,,25.97,74.72,15835,,,
2019,2019,NY,New York,,PREV,,,Prevalence of AMD,All Age-related macular degeneration (AMD),40-64 years,Both sexes,All races,All persons,Total,%,Crude Prevalence,8.93,,,7.05,11.28,557766,,,
2019,2019,CO,Colorado,,PREV,,,Prevalence of AMD,All Age-related macular degeneration (AMD),85 years and older,Both sexes,All races,All persons,Total,%,Crude Prevalence,46.76,,,27.75,73.44,41764,,,
2019,2019,RI,Rhode Island,,PREV,,,Prevalence of AMD,All Age-related macular degeneration (AMD),40-64 years,Both sexes,All races,All persons,Total,%,Crude Prevalence,10.98,,,8.34,14.25,37897,,,
2019,2019,HI,Hawaii,,PREV,,,Prevalence of AMD,All Age-related macular degeneration (AMD),40 years and older,Both sexes,All races,All persons,Total,%,Crude Prevalence,16.72,,,12.82,21.68,117899,,,
2019,2019,HI,Hawaii,,PREV,,,Prevalence of AMD,All Age-related macular degeneration (AMD),65-84 years,Both sexes,All races,All persons,Total,%,Crude Prevalence,24.21,,,17.72,32.5,55835,,,
2019,2019,TX,Texas,,PREV,,,Prevalence of AMD,All Age-related macular degeneration (AMD),65-84 years,Both sexes,All races,All persons,Total,%,Crude Prevalence,17.1,,,13.36,21.68,572138,,,
2019,2019,CT,Connecticut,,PREV,,,Prevalence of AMD,All Age-related macular degeneration (AMD),40 years and older,Both sexes,All races,All persons,Total,%,Crude Prevalence,15.27,,,12.41,18.87,279545,,,
2019,2019,OH,Ohio,,PREV,,,Prevalence of AMD,All Age-related macular degeneration (AMD),40-64 years,Both sexes,All races,All persons,Total,%,Crude Prevalence,7.43,,,5.54,9.72,277892,,,
2019,2019,RI,Rhode Island,,PREV,,,Prevalence of AMD,All Age-related macular degeneration (AMD),65-84 years,Both sexes,All races,All persons,Total,%,Crude Prevalence,26.49,,,19.43,35.34,42571,,,
2019,2019,VT,Vermont,,PREV,,,Prevalence of AMD,All Age-related macular degeneration (AMD),40-64 years,Both sexes,All races,All persons,Total,%,Crude Prevalence,5.86,,,4.22,7.88,12138,,,
2019,2019,KY,Kentucky,,PREV,,,Prevalence of AMD,All Age-related macular degeneration (AMD),40-64 years,Both sexes,All races,All persons,Total,%,Crude Prevalence,6,,,4.44,7.91,86184,,,
2019,2019,MD,Maryland,,PREV,,,Prevalence of AMD,All Age-related macular degeneration (AMD),40 years and older,Both sexes,All races,All persons,Total,%,Crude Prevalence,9.8,,,8.11,11.85,289171,,,
2019,2019,MA,Massachusetts,,PREV,,,Prevalence of AMD,All Age-related macular degeneration (AMD),40 years and older,Both sexes,All races,All persons,Total,%,Crude Prevalence,11.82,,,9.45,14.73,403152,,,
2019,2019,MI,Michigan,,PREV,,,Prevalence of AMD,All Age-related macular degeneration (AMD),40 years and older,Both sexes,All races,All persons,Total,%,Crude Prevalence,12.69,,,10.19,15.78,632122,,,
2019,2019,OH,Ohio,,PREV,,,Prevalence of AMD,All Age-related macular degeneration (AMD),40 years and older,Both sexes,All races,All persons,Total,%,Crude Prevalence,12.63,,,10.11,15.78,730369,,,
2019,2019,AR,Arkansas,,PREV,,,Prevalence of AMD,All Age-related macular degeneration (AMD),85 years and older,Both sexes,All races,All persons,Total,%,Crude Prevalence,41.72,,,24.79,66,23808,,,
2019,2019,HI,Hawaii,,PREV,,,Prevalence of AMD,All Age-related macular degeneration (AMD),85 years and older,Both sexes,All races,All persons,Total,%,Crude Prevalence,51.41,,,27.13,83.51,19689,,,
2019,2019,IL,Illinois,,PREV,,,Prevalence of AMD,All Age-related macular degeneration (AMD),40 years and older,Both sexes,All races,All persons,Total,%,Crude Prevalence,11.46,,,9.39,14.03,697766,,,
2019,2019,TN,Tennessee,,PREV,,,Prevalence of AMD,All Age-related macular degeneration (AMD),85 years and older,Both sexes,All races,All persons,Total,%,Crude Prevalence,40.6,,,23.84,64.82,46964,,,
2019,2019,WY,Wyoming,,PREV,,,Prevalence of AMD,All Age-related macular degeneration (AMD),65-84 years,Both sexes,All races,All persons,Total,%,Crude Prevalence,19.87,,,14.27,26.93,17782,,,
2019,2019,MO,Missouri,,PREV,,,Prevalence of AMD,All Age-related macular degeneration (AMD),40 years and older,Both sexes,All races,All persons,Total,%,Crude Prevalence,12.46,,,9.95,15.63,371030,,,
2019,2019,NH,New Hampshire,,PREV,,,Prevalence of AMD,All Age-related macular degeneration (AMD),65-84 years,Both sexes,All races,All persons,Total,%,Crude Prevalence,16.21,,,11.52,22.23,36340,,,
2019,2019,OH,Ohio,,PREV,,,Prevalence of AMD,All Age-related macular degeneration (AMD),85 years and older,Both sexes,All races,All persons,Total,%,Crude Prevalence,45.36,,,26.19,72.18,110368,,,
2019,2019,OK,Oklahoma,,PREV,,,Prevalence of AMD,All Age-related macular degeneration (AMD),85 years and older,Both sexes,All races,All persons,Total,%,Crude Prevalence,42,,,24.87,65.98,31429,,,
2019,2019,ID,Idaho,,PREV,,,Prevalence of AMD,All Age-related macular degeneration (AMD),40 years and older,Both sexes,All races,All persons,Total,%,Crude Prevalence,13.21,,,10.47,16.61,108107,,,
2019,2019,ME,Maine,,PREV,,,Prevalence of AMD,All Age-related macular degeneration (AMD),40 years and older,Both sexes,All races,All persons,Total,%,Crude Prevalence,13.72,,,10.85,17.48,102682,,,
2019,2019,OR,Oregon,,PREV,,,Prevalence of AMD,All Age-related macular degeneration (AMD),40 years and older,Both sexes,All races,All persons,Total,%,Crude Prevalence,11.83,,,9.43,14.77,247346,,,
2019,2019,CA,California,,PREV,,,Prevalence of AMD,All Age-related macular degeneration (AMD),85 years and older,Both sexes,All races,All persons,Total,%,Crude Prevalence,45.06,,,27.37,67.97,322985,,,
2019,2019,DC,District Of Columbia,,PREV,,,Prevalence of AMD,All Age-related macular degeneration (AMD),65-84 years,Both sexes,All races,All persons,Total,%,Crude Prevalence,9.77,,,7.53,12.25,7318,,,
2019,2019,RI,Rhode Island,,PREV,,,Prevalence of AMD,All Age-related macular degeneration (AMD),40 years and older,Both sexes,All races,All persons,Total,%,Crude Prevalence,18.22,,,14.71,22.58,97042,,,
2019,2019,VA,Virginia,,PREV,,,Prevalence of AMD,All Age-related macular degeneration (AMD),85 years and older,Both sexes,All races,All persons,Total,%,Crude Prevalence,40.18,,,24.17,62.73,61124,,,
2019,2019,AZ,Arizona,,PREV,,,Prevalence of AMD,All Age-related macular degeneration (AMD),40 years and older,Both sexes,All races,All persons,Total,%,Crude Prevalence,13.7,,,11.2,16.85,476888,,,
2019,2019,ME,Maine,,PREV,,,Prevalence of AMD,All Age-related macular degeneration (AMD),65-84 years,Both sexes,All races,All persons,Total,%,Crude Prevalence,19.72,,,14.01,27.01,49781,,,
2019,2019,MO,Missouri,,PREV,,,Prevalence of AMD,All Age-related macular degeneration (AMD),40-64 years,Both sexes,All races,All persons,Total,%,Crude Prevalence,7.35,,,5.46,9.63,140831,,,
2019,2019,NH,New Hampshire,,PREV,,,Prevalence of AMD,All Age-related macular degeneration (AMD),85 years and older,Both sexes,All races,All persons,Total,%,Crude Prevalence,38.58,,,21.63,61.86,10666,,,
2019,2019,CT,Connecticut,,PREV,,,Prevalence of AMD,All Age-related macular degeneration (AMD),40-64 years,Both sexes,All races,All persons,Total,%,Crude Prevalence,8.96,,,6.86,11.62,107494,,,
2019,2019,ID,Idaho,,PREV,,,Prevalence of AMD,All Age-related macular degeneration (AMD),40-64 years,Both sexes,All races,All persons,Total,%,Crude Prevalence,7.87,,,5.87,10.35,41706,,,
,,,,,,,,,,,,,,,,,,,,,,,Modeled Estimates,https://www.cdc.gov/vision-health-data/prevalence-estimates/index.html,DataSource
,,,,,,,,,,,,,,,,,,,,,,,Data may not be available for all states.,,GlobalNote
,,,,,,,,,,,,,,,,,,,,,,,Missing bars in the chart view indicate data not available or suppressed. Missing locations or footnoted cells in the table view indicate data not reported or suppressed.,,GlobalNote
,,,,,,,,,,,,,,,,,,,,,,,Data Source Information,https://www.cdc.gov/vision-health-data/prevalence-estimates/index.html,IndicatorResources1
,,,,,,,,,,,,,,,,,,,,,,,"CI = 95% confidence interval indicates that with repeated sampling,  95% of the calculated intervals will contain the value.",,MeasureDefinition
,,,,,,,,,,,,,,,,,,,,,,,People = The estimated number of US residents with the condition.  This estimate is created by combining multiple data sources and includes both diagnosed and undiagnosed conditions.,,MeasureDefinition
,,,,,,,,,,,,,,,,,,,,,,,About the Vision & Eye Health Surveillance System,https://wwwdev.cdc.gov/vision-health-data/about-vehss/?CDC_AAref_Val=https://wwwdev.cdc.gov/visionhealth/vehss/project/index.html,RelatedLinks
,,,,,,,,,,,,,,,,,,,,,,,About the Vision Health Initiative,https://www.cdc.gov/vision-health/?CDC_AAref_Val=https://wwwdev.cdc.gov/visionhealth/home/index.html,RelatedLinks
,,,,,,,,,,,,,,,,,,,,,,,"Vision & Eye Health Surveillance System (VEHSS), Centers for Disease Control and Prevention, Vision Health Initiative, [online] [accessed Nov 24, 2025]",https://www.cdc.gov/visionhealth/vehss/project/index.html,SuggestedCitation